{
    "cameras": {
        "cam1": {
            "image_size": [
                4000,
                3000
            ],
            "K": [
                [
                    4411.821568991253,
                    0.0,
                    1982.547673762026
                ],
                [
                    0.0,
                    4410.773789097392,
                    1485.0870519706498
                ],
                [
                    0.0,
                    0.0,
                    1.0
                ]
            ],
            "dist": [
                [
                    -0.12227739564966746,
                    0.2759706317482264,
                    -0.001010770412699982,
                    -0.0028834927757573326,
                    -0.10391912754282726
                ]
            ]
        },
        "cam2": {
            "image_size": [
                4000,
                3000
            ],
            "K": [
                [
                    4419.203642188628,
                    0.0,
                    2015.179723847378
                ],
                [
                    0.0,
                    4414.956089121914,
                    1450.7980403548047
                ],
                [
                    0.0,
                    0.0,
                    1.0
                ]
            ],
            "dist": [
                [
                    -0.10062091047891503,
                    0.10712534289320634,
                    -0.0032145966219725903,
                    0.00023120402538832048,
                    0.2170773559594996
                ]
            ]
        }
    },
    "extrinsics": {
        "cam2": {
            "R": [
                [
                    0.9999939235087874,
                    -0.0012414035635362655,
                    0.0032575854085297017
                ],
                [
                    0.0012520104110631414,
                    0.9999939153533912,
                    -0.0032560291959871936
                ],
                [
                    -0.0032535235410268157,
                    0.0032600879416008043,
                    0.9999893931493378
                ]
            ],
            "T": [
                0.5204349904345433,
                -0.013148706914127553,
                -0.020913426219983006
            ],
            "parent": "cam1"
        }
    },
    "stereo_pairs": {
        "stereo1": [
            "cam1",
            "cam2"
        ]
    }
}