{
    "cameras": {
        "cam1": {
            "image_size": [
                4000,
                3000
            ],
            "K": [
                [
                    4480.308917443449,
                    0.0,
                    2049.9738757651967
                ],
                [
                    0.0,
                    4478.478416139692,
                    1524.0490450178079
                ],
                [
                    0.0,
                    0.0,
                    1.0
                ]
            ],
            "dist": [
                [
                    -0.11750564167364588,
                    0.28507269582478767,
                    -0.0006145653755996725,
                    0.0005875886770111259,
                    -0.04830439056221421
                ]
            ]
        },
        "cam2": {
            "image_size": [
                4000,
                3000
            ],
            "K": [
                [
                    4483.513367257309,
                    0.0,
                    2022.674799399046
                ],
                [
                    0.0,
                    4481.267003544131,
                    1536.3441275262624
                ],
                [
                    0.0,
                    0.0,
                    1.0
                ]
            ],
            "dist": [
                [
                    -0.11964918485452238,
                    0.2981897821641062,
                    0.00029996536089393373,
                    0.0008541601194265877,
                    -0.08404358358368579
                ]
            ]
        }
    },
    "extrinsics": {
        "cam2": {
            "R": [
                [
                    0.9999993494656807,
                    0.001079611087148938,
                    0.0003681142699644295
                ],
                [
                    -0.001080392193812219,
                    0.9999971514170124,
                    0.002128358655945835
                ],
                [
                    -0.0003658154217579916,
                    -0.0021287549791591865,
                    0.999997667287937
                ]
            ],
            "T": [
                0.5033411298402101,
                0.0030187393080058286,
                0.0056437009358582075
            ],
            "master": "cam1"
        }
    }
}