{
    "cameras": {
        "cam1": {
            "image_size": [
                4000,
                3000
            ],
            "K": [
                [
                    4456.695395371996,
                    0.0,
                    2065.1652608226927
                ],
                [
                    0.0,
                    4458.778343544992,
                    1486.7761578538389
                ],
                [
                    0.0,
                    0.0,
                    1.0
                ]
            ],
            "dist": [
                [
                    -0.12381266178838984,
                    0.33097026065635055,
                    -0.001200100396976371,
                    -0.00021049715905022484,
                    0.2999537837902435
                ]
            ]
        },
        "cam2": {
            "image_size": [
                4000,
                3000
            ],
            "K": [
                [
                    4456.158273560438,
                    0.0,
                    2040.3203143973565
                ],
                [
                    0.0,
                    4456.91780252444,
                    1449.2725110829604
                ],
                [
                    0.0,
                    0.0,
                    1.0
                ]
            ],
            "dist": [
                [
                    -0.11993456956925952,
                    -0.051569640925575554,
                    -0.0013497216966626066,
                    0.00010452312106446518,
                    3.181204832159213
                ]
            ]
        }
    },
    "extrinsics": {
        "cam2": {
            "R": [
                [
                    0.9999791329448238,
                    -0.006038487896687403,
                    0.002295721855961124
                ],
                [
                    0.006057923627730135,
                    0.9999450506732854,
                    -0.008555535945885056
                ],
                [
                    -0.002243933207331892,
                    0.008569264724718341,
                    0.999960765463245
                ]
            ],
            "T": [
                0.5132304775056445,
                -0.008045188652495585,
                0.0004999021271637721
            ],
            "parent": "cam1"
        }
    },
    "stereo_pairs": {
        "stereo1": [
            "cam1",
            "cam2"
        ]
    },
    "image_sets": {
        "rgb": [
            {
                "cam1": "cam1/00000.jpg",
                "cam2": "cam2/00000.jpg"
            },
            {
                "cam1": "cam1/00001.jpg",
                "cam2": "cam2/00001.jpg"
            },
            {
                "cam1": "cam1/00002.jpg",
                "cam2": "cam2/00002.jpg"
            },
            {
                "cam1": "cam1/00003.jpg",
                "cam2": "cam2/00003.jpg"
            },
            {
                "cam1": "cam1/00004.jpg",
                "cam2": "cam2/00004.jpg"
            },
            {
                "cam1": "cam1/00005.jpg",
                "cam2": "cam2/00005.jpg"
            },
            {
                "cam1": "cam1/00006.jpg",
                "cam2": "cam2/00006.jpg"
            },
            {
                "cam1": "cam1/00007.jpg",
                "cam2": "cam2/00007.jpg"
            },
            {
                "cam1": "cam1/00008.jpg",
                "cam2": "cam2/00008.jpg"
            },
            {
                "cam1": "cam1/00009.jpg",
                "cam2": "cam2/00009.jpg"
            },
            {
                "cam1": "cam1/00010.jpg",
                "cam2": "cam2/00010.jpg"
            },
            {
                "cam1": "cam1/00011.jpg",
                "cam2": "cam2/00011.jpg"
            },
            {
                "cam1": "cam1/00012.jpg",
                "cam2": "cam2/00012.jpg"
            },
            {
                "cam1": "cam1/00013.jpg",
                "cam2": "cam2/00013.jpg"
            },
            {
                "cam1": "cam1/00014.jpg",
                "cam2": "cam2/00014.jpg"
            },
            {
                "cam1": "cam1/00015.jpg",
                "cam2": "cam2/00015.jpg"
            },
            {
                "cam1": "cam1/00016.jpg",
                "cam2": "cam2/00016.jpg"
            },
            {
                "cam1": "cam1/00017.jpg",
                "cam2": "cam2/00017.jpg"
            },
            {
                "cam1": "cam1/00018.jpg",
                "cam2": "cam2/00018.jpg"
            },
            {
                "cam1": "cam1/00019.jpg",
                "cam2": "cam2/00019.jpg"
            },
            {
                "cam1": "cam1/00020.jpg",
                "cam2": "cam2/00020.jpg"
            },
            {
                "cam1": "cam1/00021.jpg",
                "cam2": "cam2/00021.jpg"
            },
            {
                "cam1": "cam1/00022.jpg",
                "cam2": "cam2/00022.jpg"
            },
            {
                "cam1": "cam1/00023.jpg",
                "cam2": "cam2/00023.jpg"
            },
            {
                "cam1": "cam1/00024.jpg",
                "cam2": "cam2/00024.jpg"
            },
            {
                "cam1": "cam1/00025.jpg",
                "cam2": "cam2/00025.jpg"
            }
        ]
    }
}