{
    "cameras": {
        "cam1": {
            "image_size": [
                4000,
                3000
            ],
            "K": [
                [
                    4534.981939331841,
                    0.0,
                    2100.081929357967
                ],
                [
                    0.0,
                    4566.154076986936,
                    1503.2089356042788
                ],
                [
                    0.0,
                    0.0,
                    1.0
                ]
            ],
            "dist": [
                [
                    -0.08105720850029316,
                    -0.009907012811615214,
                    0.002490469727860889,
                    0.0005754809795366022,
                    0.7522525821580434
                ]
            ]
        },
        "cam2": {
            "image_size": [
                4000,
                3000
            ],
            "K": [
                [
                    4548.072308776531,
                    0.0,
                    2141.3414842407637
                ],
                [
                    0.0,
                    4574.912548516451,
                    1567.5320215212519
                ],
                [
                    0.0,
                    0.0,
                    1.0
                ]
            ],
            "dist": [
                [
                    -0.09799332039427706,
                    -0.01579098460183165,
                    0.004130359423361426,
                    0.0037872855033176337,
                    0.6583185867026664
                ]
            ]
        }
    },
    "extrinsics": {
        "cam2": {
            "R": [
                [
                    0.9999816123287166,
                    0.0012156264353924084,
                    0.005941149453575938
                ],
                [
                    -0.0012894001456266663,
                    0.9999219206970406,
                    0.012429398891582767
                ],
                [
                    -0.005925576066899189,
                    -0.012436830862852325,
                    0.9999051018903565
                ]
            ],
            "T": [
                0.5308564250935679,
                0.00934143822304211,
                -0.020611079904897595
            ],
            "parent": "cam1"
        }
    },
    "stereo_pairs": {
        "stereo1": [
            "cam1",
            "cam2"
        ]
    },
    "image_sets": {
        "rgb": [
            {
                "cam1": "cam1/00000.jpg",
                "cam2": "cam2/00000.jpg"
            },
            {
                "cam1": "cam1/00001.jpg",
                "cam2": "cam2/00001.jpg"
            },
            {
                "cam1": "cam1/00002.jpg",
                "cam2": "cam2/00002.jpg"
            },
            {
                "cam1": "cam1/00003.jpg",
                "cam2": "cam2/00003.jpg"
            },
            {
                "cam1": "cam1/00004.jpg",
                "cam2": "cam2/00004.jpg"
            },
            {
                "cam1": "cam1/00005.jpg",
                "cam2": "cam2/00005.jpg"
            },
            {
                "cam1": "cam1/00006.jpg",
                "cam2": "cam2/00006.jpg"
            },
            {
                "cam1": "cam1/00007.jpg",
                "cam2": "cam2/00007.jpg"
            },
            {
                "cam1": "cam1/00008.jpg",
                "cam2": "cam2/00008.jpg"
            },
            {
                "cam1": "cam1/00009.jpg",
                "cam2": "cam2/00009.jpg"
            },
            {
                "cam1": "cam1/00010.jpg",
                "cam2": "cam2/00010.jpg"
            },
            {
                "cam1": "cam1/00011.jpg",
                "cam2": "cam2/00011.jpg"
            },
            {
                "cam1": "cam1/00012.jpg",
                "cam2": "cam2/00012.jpg"
            },
            {
                "cam1": "cam1/00013.jpg",
                "cam2": "cam2/00013.jpg"
            },
            {
                "cam1": "cam1/00014.jpg",
                "cam2": "cam2/00014.jpg"
            },
            {
                "cam1": "cam1/00015.jpg",
                "cam2": "cam2/00015.jpg"
            },
            {
                "cam1": "cam1/00016.jpg",
                "cam2": "cam2/00016.jpg"
            },
            {
                "cam1": "cam1/00017.jpg",
                "cam2": "cam2/00017.jpg"
            },
            {
                "cam1": "cam1/00018.jpg",
                "cam2": "cam2/00018.jpg"
            },
            {
                "cam1": "cam1/00019.jpg",
                "cam2": "cam2/00019.jpg"
            },
            {
                "cam1": "cam1/00020.jpg",
                "cam2": "cam2/00020.jpg"
            },
            {
                "cam1": "cam1/00021.jpg",
                "cam2": "cam2/00021.jpg"
            },
            {
                "cam1": "cam1/00022.jpg",
                "cam2": "cam2/00022.jpg"
            },
            {
                "cam1": "cam1/00023.jpg",
                "cam2": "cam2/00023.jpg"
            },
            {
                "cam1": "cam1/00024.jpg",
                "cam2": "cam2/00024.jpg"
            },
            {
                "cam1": "cam1/00025.jpg",
                "cam2": "cam2/00025.jpg"
            },
            {
                "cam1": "cam1/00026.jpg",
                "cam2": "cam2/00026.jpg"
            },
            {
                "cam1": "cam1/00027.jpg",
                "cam2": "cam2/00027.jpg"
            },
            {
                "cam1": "cam1/00028.jpg",
                "cam2": "cam2/00028.jpg"
            },
            {
                "cam1": "cam1/00029.jpg",
                "cam2": "cam2/00029.jpg"
            },
            {
                "cam1": "cam1/00030.jpg",
                "cam2": "cam2/00030.jpg"
            },
            {
                "cam1": "cam1/00031.jpg",
                "cam2": "cam2/00031.jpg"
            },
            {
                "cam1": "cam1/00032.jpg",
                "cam2": "cam2/00032.jpg"
            },
            {
                "cam1": "cam1/00033.jpg",
                "cam2": "cam2/00033.jpg"
            },
            {
                "cam1": "cam1/00034.jpg",
                "cam2": "cam2/00034.jpg"
            },
            {
                "cam1": "cam1/00035.jpg",
                "cam2": "cam2/00035.jpg"
            },
            {
                "cam1": "cam1/00036.jpg",
                "cam2": "cam2/00036.jpg"
            },
            {
                "cam1": "cam1/00037.jpg",
                "cam2": "cam2/00037.jpg"
            },
            {
                "cam1": "cam1/00038.jpg",
                "cam2": "cam2/00038.jpg"
            },
            {
                "cam1": "cam1/00039.jpg",
                "cam2": "cam2/00039.jpg"
            },
            {
                "cam1": "cam1/00040.jpg",
                "cam2": "cam2/00040.jpg"
            },
            {
                "cam1": "cam1/00041.jpg",
                "cam2": "cam2/00041.jpg"
            },
            {
                "cam1": "cam1/00042.jpg",
                "cam2": "cam2/00042.jpg"
            },
            {
                "cam1": "cam1/00043.jpg",
                "cam2": "cam2/00043.jpg"
            },
            {
                "cam1": "cam1/00044.jpg",
                "cam2": "cam2/00044.jpg"
            },
            {
                "cam1": "cam1/00045.jpg",
                "cam2": "cam2/00045.jpg"
            },
            {
                "cam1": "cam1/00046.jpg",
                "cam2": "cam2/00046.jpg"
            },
            {
                "cam1": "cam1/00047.jpg",
                "cam2": "cam2/00047.jpg"
            },
            {
                "cam1": "cam1/00048.jpg",