{"cameras": {"cam1": {"image_size": [4000, 3000], "K": [[4480.308917445491, 0.0, 2049.973875793763], [0.0, 4478.478416142551, 1524.0490451167427], [0.0, 0.0, 1.0]], "dist": [[-0.1175056416797129, 0.2850726959076618, -0.0006145653698529714, 0.0005875886791236366, -0.048304390820949096]]}, "cam2": {"image_size": [4000, 3000], "K": [[4483.51336725937, 0.0, 2022.67479934755], [0.0, 4481.267003547264, 1536.3441274554145], [0.0, 0.0, 1.0]], "dist": [[-0.11964918484703245, 0.2981897821063588, 0.0002999653572296951, 0.0008541601165811356, -0.08404358329705224]]}}, "extrinsics": {"cam2": {"R": [[0.999999349465687, 0.001079611087645536, 0.00036811425175555375], [-0.0010803921942560584, 0.9999971514170933, 0.0021283586176633383], [-0.00036581540358944455, -0.002128754940857223, 0.9999976672880254]], "T": [0.5033411298413369, 0.003018739307968012, 0.005643700935790829], "parent": "cam1"}}, "stereo_pairs": {"stereo1": ["cam1", "cam2"]}}