{"cameras": {"cam1": {"image_size": [4000, 3000], "K": [[4480.3089166597065, 0.0, 2049.973860409922], [0.0, 4478.478413382964, 1524.049068011323], [0.0, 0.0, 1.0]], "dist": [[-0.11750562977537368, 0.2850725986678553, -0.0006145645720451956, 0.000587587490958862, -0.048304193487572575]]}, "cam2": {"image_size": [4000, 3000], "K": [[4483.513369681307, 0.0, 2022.6748146937048], [0.0, 4481.267004050309, 1536.3441576136038], [0.0, 0.0, 1.0]], "dist": [[-0.1196491970936825, 0.29818992594394655, 0.00029996672352737753, 0.000854161093324241, -0.08404403819561912]]}}, "stereo_pairs": [{"camera1": {"image_size": [4000, 3000], "K": [[4480.3089166597065, 0.0, 2049.973860409922], [0.0, 4478.478413382964, 1524.049068011323], [0.0, 0.0, 1.0]], "dist": [[-0.11750562977537368, 0.2850725986678553, -0.0006145645720451956, 0.000587587490958862, -0.048304193487572575]], "name": "cam1", "R": [[0.9999079346689737, 0.00705255740668172, 0.011592394923087966], [-0.00706491971498355, 0.9999745169869487, 0.001025809991890574], [-0.011584864930080714, -0.001107614889790096, 0.9999322797538881]], "P": [[4479.872708716637, 0.0, 1977.0262603759766, 0.0], [0.0, 4479.872708716637, 1529.7698822021484, 0.0], [0.0, 0.0, 1.0, 0.0]], "roi": [0, 20, 3995, 2980]}, "camera2": {"image_size": [4000, 3000], "K": [[4483.513369681307, 0.0, 2022.6748146937048], [0.0, 4481.267004050309, 1536.3441576136038], [0.0, 0.0, 1.0]], "dist": [[-0.1196491970936825, 0.29818992594394655, 0.00029996672352737753, 0.000854161093324241, -0.08404403819561912]], "name": "cam2", "R": [[0.9999191656192978, 0.005996917231718794, 0.011211565944283602], [-0.005984953785704722, 0.9999814846513488, -0.0011003102594936269], [-0.011217956827786636, 0.001033120612553306, 0.9999365430398122]], "P": [[4479.872708716637, 0.0, 1977.0262603759766, 2255.086476139096], [0.0, 4479.872708716637, 1529.7698822021484, 0.0], [0.0, 0.0, 1.0, 0.0]], "roi": [2, 0, 3998, 2997]}, "R": [[0.9999993494629509, 0.0010796112225608992, 0.000368121288647756], [-0.0010803923447594093, 0.9999971514133907, 0.002128360280949255], [-0.00036582243837740504, -0.002128756611794238, 0.9999976672818948]], "T": [0.5033411291425592, 0.0030187391086953087, 0.005643698466724418], "Q": [[1.0, 0.0, 0.0, -1977.0262603759766], [0.0, 1.0, 0.0, -1529.7698822021484], [0.0, 0.0, 0.0, 4479.872708716637], [0.0, 0.0, -1.9865636001624953, 0.0]]}]}